{
  "project_info": {
    "project_number": "768843942401",
    "project_id": "omegamail-fded1",
    "storage_bucket": "omegamail-fded1.appspot.com"
  },
  "client": [
    {
      "client_info": {
        "mobilesdk_app_id": "1:768843942401:android:c99fa0952ec0d0ba9d8e00",
        "android_client_info": {
          "package_name": "com.example.omegamail"
        }
      },
      "oauth_client": [
        {
          "client_id": "768843942401-98jcm92s1uqlurc0rftlaqimfol2clgb.apps.googleusercontent.com",
          "client_type": 3
        }
      ],
      "api_key": [
        {
          "current_key": "AIzaSyAkNQ3j2zUDGp7QOoaFQDxV6fWWczgNemo"
        }
      ],
      "services": {
        "appinvite_service": {
          "other_platform_oauth_client": [
            {
              "client_id": "768843942401-98jcm92s1uqlurc0rftlaqimfol2clgb.apps.googleusercontent.com",
              "client_type": 3
            }
          ]
        }
      }
    }
  ],
  "configuration_version": "1"
}